{
  "alpha_range": [
    0.001,
    0.0013738237958832624,
    0.0018873918221350976,
    0.002592943797404667,
    0.003562247890262444,
    0.004893900918477494,
    0.006723357536499335,
    0.009236708571873866,
    0.01268961003167922,
    0.017433288221999882,
    0.02395026619987486,
    0.03290344562312668,
    0.04520353656360243,
    0.06210169418915616,
    0.08531678524172806,
    0.11721022975334805,
    0.16102620275609392,
    0.2212216291070448,
    0.3039195382313198,
    0.41753189365604004,
    0.5736152510448681,
    0.7880462815669912,
    1.0826367338740541,
    1.4873521072935119,
    2.0433597178569416,
    2.8072162039411754,
    3.856620421163472,
    5.298316906283707,
    7.278953843983146,
    10.0
  ],
  "train_acc": [
    0.7297759059122696,
    0.7396694214876033,
    0.7490066751430388,
    0.7575890019071837,
    0.764780673871583,
    0.7742768595041323,
    0.7829783852511125,
    0.7917196439923713,
    0.7996265098537826,
    0.8078512396694215,
    0.815599173553719,
    0.8232676414494596,
    0.8309361093452002,
    0.8374125874125874,
    0.8418626827717737,
    0.8448823903369358,
    0.846670375079466,
    0.84400826446281,
    0.8385251112523839,
    0.8325254291163382,
    0.8225524475524476,
    0.8113080101716466,
    0.7975603941513032,
    0.782223458359822,
    0.7662507946598855,
    0.7517482517482518,
    0.7382787666878576,
    0.7253258105530833,
    0.7126509853782581,
    0.7029164017800381
  ],
  "test_acc": [
    0.6279402415766052,
    0.6400190718372537,
    0.651462174189447,
    0.6590909090909091,
    0.6679910998092816,
    0.6776859504132231,
    0.6880165289256198,
    0.6953273998728544,
    0.70645263827082,
    0.716624284806103,
    0.7226636999364272,
    0.7315638906547998,
    0.7356961220597584,
    0.7465034965034965,
    0.753814367450731,
    0.7622377622377622,
    0.7692307692307693,
    0.7744755244755245,
    0.7738397965670692,
    0.7760648442466624,
    0.7738397965670692,
    0.7676414494596313,
    0.7604895104895105,
    0.7522250476795931,
    0.743801652892562,
    0.7315638906547998,
    0.7205975842339478,
    0.709631277813096,
    0.7020025429116338,
    0.6927844882390337
  ],
  "train_loss": [
    1.0986047902701075,
    1.0986047097757754,
    1.0986046277639967,
    1.0986045442070536,
    1.0986044590743826,
    1.098604372330966,
    1.0986042839349943,
    1.0986041938346245,
    1.0986041019637307,
    1.0986040082367565,
    1.098603912543222,
    1.098603814743225,
    1.0986037146665137,
    1.0986036121194913,
    1.0986035069068478,
    1.0986033988775317,
    1.098603288008619,
    1.0986031745456013,
    1.098603059223006,
    1.0986029435913298,
    1.0986028304655036,
    1.0986027244712877,
    1.0986026325870706,
    1.0986025644714825,
    1.098602532290702,
    1.0986025498100138,
    1.0986026307541799,
    1.0986027867952382,
    1.0986030257721136,
    1.0986033506777941
  ],
  "test_loss": [
    1.098606514705335,
    1.0986063613124069,
    1.0986062057835713,
    1.0986060480708286,
    1.098605888118819,
    1.0986057258618203,
    1.0986055612197936,
    1.0986053940934852,
    1.0986052243589195,
    1.0986050518622619,
    1.0986048764171268,
    1.0986046978080233,
    1.0986045158056397,
    1.0986043302016162,
    1.0986041408714617,
    1.098603947873541,
    1.0986037515897593,
    1.0986035529117217,
    1.0986033534779782,
    1.0986031559739424,
    1.0986029645075557,
    1.09860278505076,
    1.0986026258682648,
    1.0986024977464117,
    1.09860241374651,
    1.0986023882449647,
    1.0986024352584636,
    1.0986025664125794,
    1.0986027891661663,
    1.0986031058361432
  ],
  "best_alpha": 0.5
}